Post,Date,Subreddit,Comments
<a href=https://www.reddit.com/r/personalfinance/comments/tq83hf/question_about_seemingly_limited_fidelity_401k/>Question about Seemingly Limited Fidelity 401k Options</a>,3/28/22,personalfinance,7
<a href=https://www.reddit.com/r/i3energy/comments/tb6r5o/march_2022_discussion/>March 2022 discussion</a>,3/10/22,i3energy,21
"<a href=https://www.reddit.com/r/mechmarket/comments/t91n0o/service_donut_cables_soldering_desoldering_rework/>[Service] Donut Cables: Soldering, Desoldering, Rework, Repair, Commissions</a>",3/7/22,mechmarket,2
<a href=https://www.reddit.com/r/PSTH/comments/tugo2y/umg/>UMG</a>,4/2/22,PSTH,5
<a href=https://www.reddit.com/r/10xPennyStocks/comments/tgfda6/gold_shore_inks_engagement_for_brokered_placement/>Gold Shore inks engagement for brokered placement of up to $10M</a>,3/17/22,10xPennyStocks,1
"<a href=https://www.reddit.com/r/SanitySouthAfrica/comments/t8uvjr/unlike_us_european_leaders_oppose_banning_russian/>Unlike US, European leaders oppose banning Russian energy imports ... esg woke financing stares at ukraine</a>",3/7/22,SanitySouthAfrica,1
"<a href=https://www.reddit.com/r/republicans/comments/tnt81s/esg_is_not_part_of_a_freemarket_economy_its_the/>ESG Is Not Part of a Free-Market Economy - Its the Result of Corruption, Cronyism, and Big Government</a>",3/25/22,republicans,1
<a href=https://www.reddit.com/r/PennyStocksCanada/comments/t9xis3/earth_renew_erthcn_jumps_25_on_record_volume/>Earth Renew (ERTH.CN) jumps 25% on record volume - Agtech Fertilizer/Renewable Energy Commodity play</a>,3/9/22,PennyStocksCanada,1
<a href=https://www.reddit.com/r/DeercreekvolsBlog/comments/tuv2lt/johnson_controls_incorporated_jci_revisiting/>Johnson Controls Incorporated ($JCI): Revisiting</a>,4/2/22,DeercreekvolsBlog,0
"<a href=https://www.reddit.com/r/InternalAudit/comments/tjrpuo/auditing_for_esg_environmental_social_and/>Auditing for ESG (environmental, social and governance)?</a>",3/22/22,InternalAudit,8
<a href=https://www.reddit.com/r/MoneyStuff/comments/taf5aq/esg_goes_to_war/>ESG Goes to War</a>,3/9/22,MoneyStuff,0
<a href=https://www.reddit.com/r/Udemy/comments/td5xj5/best_33_courses_for_13_march_2022/>Best 33 Courses for 13 March 2022</a>,3/13/22,Udemy,0
<a href=https://www.reddit.com/r/stopdrinking/comments/tequx1/initially_an_insomnia_question_thats_now_turned/>Initially an insomnia question thats now turned into a vent. Thank you for your time</a>,3/15/22,stopdrinking,3
"<a href=https://www.reddit.com/r/fidelityinvestments/comments/th01i8/continuing_the_conversation_in_womens_history/>Continuing the conversation in Women's History Month: Fidelity finds next generation of women investors are breaking financial boundaries in three ways: starting early, investing with purpose, and starting small. And join us for some special workshops next week to help you invest like a woman!</a>",3/18/22,fidelityinvestments,1
<a href=https://www.reddit.com/r/FIREUK/comments/tk77bq/direct_indexing_providers_uk/>Direct Indexing Providers UK?</a>,3/22/22,FIREUK,15
<a href=https://www.reddit.com/r/MoneyStuff/comments/tjhl9s/everyone_wants_to_do_esg_now/>Everyone Wants to Do ESG Now</a>,3/21/22,MoneyStuff,0
<a href=https://www.reddit.com/r/beermoneyuk/comments/tbyean/circa5000_15_bonus_for_investing_5_and_waiting_90/>CIRCA5000 - Â£15 bonus for investing Â£5 and waiting 90 days - ethical investment portfolio (GIA and ISA)</a>,3/11/22,beermoneyuk,13
"<a href=https://www.reddit.com/r/mechmarket/comments/tgj3vb/service_donut_cables_soldering_desoldering_rework/>[Service] Donut Cables: Soldering, Desoldering, Rework, Repair, Commissions</a>",3/17/22,mechmarket,1
"<a href=https://www.reddit.com/r/EndlessSpace/comments/t8jmoq/played_vanilla_should_i_try_mods/>Played vanilla, should i try mods?</a>",3/7/22,EndlessSpace,3
<a href=https://www.reddit.com/r/Canadapennystocks/comments/tqypf6/the_next_week_for_i3_energy_iteto_is_going_to_be/>The next week for I3 energy - ITE.TO is going to be interesting!</a>,3/29/22,Canadapennystocks,2
<a href=https://www.reddit.com/r/udemyfreeebies/comments/ttnc1u/free_courses_for_01_april_2022/>Free Courses for 01 April 2022</a>,4/1/22,udemyfreeebies,0
<a href=https://www.reddit.com/r/CryptoCurrency/comments/tcgx1s/one_of_the_most_important_parts_of_bidens_new/>One of the most important parts of Biden's new executive order is ensuring that Bitcoin is ESG compliant</a>,3/12/22,CryptoCurrency,19
<a href=https://www.reddit.com/r/Bogleheads/comments/tssi5v/custom_indexing_the_only_way_to_do_esg/>Custom Indexing - The only way to do ESG?</a>,3/31/22,Bogleheads,4
"<a href=https://www.reddit.com/r/udemyfreeebies/comments/tg84t3/free_46_best_udemy_courses_100_off_promo_code/>*** [FREE] 46+ Best UDEMY Courses 100 % OFF, Promo Code, Deals &amp; Discount | Thursday, March 17, 2022 | Reviews &amp; Coupons ***</a>",3/17/22,udemyfreeebies,0
<a href=https://www.reddit.com/r/sysadmin/comments/tf8fgv/barracuda_esg_replacement/>Barracuda ESG replacement</a>,3/16/22,sysadmin,3
<a href=https://www.reddit.com/r/Cryptotodaynews/comments/t9cmn4/green_mining_company_hive_secures_deal_to_buy_a/>Green Mining Company HIVE Secures Deal To Buy A Number Of Intel's New ASICs</a>,3/8/22,Cryptotodaynews,1
<a href=https://www.reddit.com/r/trakstocks/comments/t7cpjc/acthf_aduro_clean_technologies_summary_of/>$ACTHF Aduro Clean Technologies - Summary of Opportunity</a>,3/5/22,trakstocks,4
<a href=https://www.reddit.com/r/EsgInvesting/comments/tbna6p/why_esg_and_impact_investing_is_more_important/>why ESG and Impact Investing is more important than ever...</a>,3/11/22,EsgInvesting,0
<a href=https://www.reddit.com/r/SBU/comments/tbs08l/list_of_classes_being_held_in_fall_2022_for/>List of classes being held in Fall 2022 for Engineering Science?</a>,3/11/22,SBU,1
<a href=https://www.reddit.com/r/ARG/comments/tiycxy/check_this_out/>CHECK THIS OUT</a>,3/20/22,ARG,0
<a href=https://www.reddit.com/r/WSSjuniormining/comments/tqyttw/the_next_week_for_i3_energy_iteto_is_going_to_be/>The next week for I3 energy - ITE.TO is going to be interesting!</a>,3/29/22,WSSjuniormining,0
<a href=https://www.reddit.com/r/greeninvestor/comments/tmrqi8/uninvestability_of_russian_stocks_and_bonds/>Uninvestability of Russian stocks and bonds affects ESG and conventional fund investors</a>,3/24/22,greeninvestor,0
<a href=https://www.reddit.com/r/3CPG_PetroleumGeology/comments/tnjt16/nouveau_monde_a_graphite_nmg_nmg_provides_a/>Nouveau Monde a graphite $NMG: NMG Provides a Quarterly Update and Releases its Annual Report  Disciplined Execution of the Companys Business Plan</a>,3/25/22,3CPG_PetroleumGeology,0
<a href=https://www.reddit.com/r/nus/comments/tf9abs/minor_in_management_or_qf_for_environmental/>Minor in Management or QF? For Environmental Studies UG</a>,3/16/22,nus,4
"<a href=https://www.reddit.com/r/udemyfreebies/comments/tdgzn1/33_online_courses_worth_almost_4000_all_yours_for/>+ 33 online courses worth almost $4000 all yours for FREE - added Today Sunday, March 13, 2022</a>",3/13/22,udemyfreebies,0
<a href=https://www.reddit.com/r/Baystreetbets/comments/ta07fe/act_aduro_clean_technologies_summary_of/>$ACT - Aduro Clean Technologies - Summary of Opportunity</a>,3/9/22,Baystreetbets,0
<a href=https://www.reddit.com/r/StockMarket/comments/tey16n/gogy_golden_grail_advances_their_mission_of_esg/>$GOGY Golden Grail Advances Their Mission of ESG Factors for Long-Term Shareholder Value</a>,3/15/22,StockMarket,0
"<a href=https://www.reddit.com/r/UUEX/comments/ttiei1/the_securities_and_exchange_commission_sec_has/>The Securities and Exchange Commission (SEC) has listed crypto assets as an examination priority for market participants this year. In this time of heightened market volatility, our priorities are tailored to focus on emerging issues, such as crypto assets, #UUEX,#crypto,#cryptoexam, #esg, #SEC</a>",4/1/22,UUEX,0
<a href=https://www.reddit.com/r/doctorstock/comments/tr1t7k/i3energy_iteto_its_going_to_be_an_interesting_week/>I3energy - ITE.TO its going to be an interesting week!</a>,3/29/22,doctorstock,3
<a href=https://www.reddit.com/r/10xPennyStocks/comments/tfm0cc/tpii_provides_update_on_eel_diesel_hybrid_genset/>$TPII Provides Update on EEL Diesel Hybrid Genset Trials</a>,3/16/22,10xPennyStocks,0
<a href=https://www.reddit.com/r/EsgInvesting/comments/t6secs/war_jolts_esg_funds_that_waited_too_long_to/>War Jolts ESG Funds That Waited Too Long to Unload Russia Assets. The Ukraine invasion is sending a wake-up call to investors holding stakes in countries run by autocrats.</a>,3/4/22,EsgInvesting,1
<a href=https://www.reddit.com/r/FinancialPlanning/comments/tc8etq/450k_inheritance_passive_vs_active_management_37m/>450k inheritance - Passive vs Active management? 37M</a>,3/12/22,FinancialPlanning,15
<a href=https://www.reddit.com/r/PLC/comments/tfcm7r/blockchain_for_trust_score_of_data/>Blockchain for trust score of data?</a>,3/16/22,PLC,12
<a href=https://www.reddit.com/r/LawCanada/comments/t86t6c/esg/>Esg</a>,3/6/22,LawCanada,5
"<a href=https://www.reddit.com/r/EsgInvesting/comments/tfn89m/an_article_that_mentions_the_concept_of_esgwashing/>an article that mentions the concept of ""ESG-Washing""</a>",3/16/22,EsgInvesting,0
<a href=https://www.reddit.com/r/pennystocks/comments/tfoucg/niobf_update/>NIOBF Update</a>,3/16/22,pennystocks,3
<a href=https://www.reddit.com/r/6BorG/comments/t9ie5u/6borg_arrive_Ã _marmande/>6BorG arrive Ã  Marmande</a>,3/8/22,6BorG,0
<a href=https://www.reddit.com/r/MetaverseInvesting/comments/tt5w6s/new_position_as_ned_chair_at_aiza_world_a_leading/>New position as NED Chair at Aiza World - a leading metaverse NFT gamyfi company transacting ESG in a parallel #impact world #goodistrending</a>,3/31/22,MetaverseInvesting,1
<a href=https://www.reddit.com/r/Optionmillionaires/comments/tfgv1g/prepperzzz/>prepperzzz</a>,3/16/22,Optionmillionaires,0
<a href=https://www.reddit.com/r/UKEthicalInvesting/comments/tccll3/ethical_and_impact_investing_is_more_important/>Ethical and impact investing is more important then every after the recent events...its vital not only to look at the company or ETF but also the country and environment in which the operations are. Can a ethical company operating in a despot country run by a dictator still be an ethical investment?</a>,3/12/22,UKEthicalInvesting,1
<a href=https://www.reddit.com/r/DevelEire/comments/t86tq7/msc_computer_science_conversion_in_ucd/>MSc Computer Science conversion in UCD</a>,3/6/22,DevelEire,15
<a href=https://www.reddit.com/r/EsgInvesting/comments/tltn03/more_transparency_for_esg/>More transparency for ESG?</a>,3/24/22,EsgInvesting,5
<a href=https://www.reddit.com/r/EnphaseInvestors/comments/tk60j5/enphase_has_recovered_strongly_over_the_past_3/>Enphase has recovered strongly over the past 3 months - up $70 from the January low of $123</a>,3/22/22,EnphaseInvestors,1
"<a href=https://www.reddit.com/r/Environmental_Careers/comments/tt2oiu/advice_for_next_step_in_career_compliance_to_esg/>Advice for next step in career: compliance to ESG, renewables, something else?</a>",3/31/22,Environmental_Careers,5
<a href=https://www.reddit.com/r/Udemy/comments/tgybkw/best_50_freecourses_for_18_march_2022/>Best 50 FreeCourses for 18 March 2022</a>,3/18/22,Udemy,2
<a href=https://www.reddit.com/r/ValueInvesting/comments/tth7cx/amgens_annual_report/>Amgen's annual report</a>,4/1/22,ValueInvesting,2
<a href=https://www.reddit.com/r/antiwork/comments/tf0b4h/i_apply_for_10_jobs_a_day_and_no_response/>I apply for 10+ jobs a day and no response.</a>,3/15/22,antiwork,2
"<a href=https://www.reddit.com/r/Treaty_Creek/comments/tdw596/mar_14_2022_clean_air_metals_announces_executive/>MAR 14, 2022 Clean Air Metals Announces Executive Appointments and Provides Corporate Update</a>",3/14/22,Treaty_Creek,0
<a href=https://www.reddit.com/r/sustainableFinance/comments/thu7pe/sustainability_vs_sustainable_development_and/>Sustainability vs. Sustainable development and Sustainable Finance and interest groups</a>,3/19/22,sustainableFinance,3
<a href=https://www.reddit.com/r/Udemy/comments/ttnc18/free_courses_for_01_april_2022/>Free Courses for 01 April 2022</a>,4/1/22,Udemy,0
<a href=https://www.reddit.com/r/wallstreetfools/comments/tpxaa4/camber_at_the_right_price_of_4_before_kerrisdale/>Camber at the right price of $4+ before Kerrisdale (light reading)</a>,3/28/22,wallstreetfools,0
<a href=https://www.reddit.com/r/Udemy/comments/tonzub/udemy_paid_courses_for_free_with_certificate_26/>Udemy Paid Courses For Free With Certificate 26 March 2022</a>,3/26/22,Udemy,0
<a href=https://www.reddit.com/r/HBAR_Foundation/comments/trf4bi/tymlez_x_hbar_foundation_strategic_partnership/>Tymlez X HBAR Foundation - Strategic Partnership And $1M USD Grant</a>,3/29/22,HBAR_Foundation,0
"<a href=https://www.reddit.com/r/TMC_Stock/comments/tsnad5/watch_esg_impacts_of_nickel_production_on_youtube/>Watch ""ESG Impacts of Nickel Production"" on YouTube</a>",3/31/22,TMC_Stock,0
<a href=https://www.reddit.com/r/udemyfreeebies/comments/tsxmmm/best_48_udemy_paid_courses_for_free_with/>Best 48 Udemy Paid Courses For Free With Certificate | Hurry Dont Miss | 31 March 2022</a>,3/31/22,udemyfreeebies,0
<a href=https://www.reddit.com/r/udemyfreebies/comments/tsxn71/best_online_courses_worth_almost_4000_all_yours/>Best online courses worth almost $4000 all yours for FREE - added Today 31 March 2022</a>,3/31/22,udemyfreebies,0
<a href=https://www.reddit.com/r/toulouse/comments/tdugtm/vos_avis_sur_les_Ã©coles_de_commerce_Ã _toulouse/>Vos avis sur les Ã©coles de commerce Ã  Toulouse</a>,3/14/22,toulouse,6
<a href=https://www.reddit.com/r/Udemy/comments/tsxmq0/best_48_udemy_paid_courses_for_free_with/>Best 48 Udemy Paid Courses For Free With Certificate 31 March 2022</a>,3/31/22,Udemy,0
<a href=https://www.reddit.com/r/Udemy/comments/t793wh/free_courses_for_05_march_2022/>Free Courses for 05 March 2022</a>,3/5/22,Udemy,0
"<a href=https://www.reddit.com/r/udemyfreebies/comments/t7k1ag/50_udemy_100_off_coupon_promo_code_deals_udemy/>50+ Udemy 100% Off Coupon, Promo Code Deals &amp; Udemy Discount Coupon | Hurry Dont Miss | Saturday, March 5, 2022</a>",3/5/22,udemyfreebies,1
"<a href=https://www.reddit.com/r/sustainableFinance/comments/tqdk82/is_esg_fuzzy_imprecise_and_more_marketing_rhetoric/>Is ESG fuzzy, imprecise and more marketing rhetoric?</a>",3/28/22,sustainableFinance,9
<a href=https://www.reddit.com/r/Republican/comments/t6j39o/states_fight_back_against_esg_social_credit_scores/>States Fight Back Against ESG Social Credit Scores</a>,3/4/22,Republican,0
<a href=https://www.reddit.com/r/FinancialCareers/comments/t9gmqk/career_in_esg/>Career in ESG?</a>,3/8/22,FinancialCareers,8
<a href=https://www.reddit.com/r/TMC_Stock/comments/tsla22/why_i_think_barron_has_mislead_investors_on_the/>Why I think Barron has mislead investors on the recent earnings call....</a>,3/30/22,TMC_Stock,18
"<a href=https://www.reddit.com/r/Treaty_Creek/comments/tepa9b/mar_15_2022_dntto_candente_copper_files_ni43101/>MAR 15, 2022 DNT.TO CANDENTE COPPER FILES NI43-101 TECHNICAL REPORT FOR THE 2022 PEA ON THE CAÃ‘ARIACO COPPER PROJECT</a>",3/15/22,Treaty_Creek,0
<a href=https://www.reddit.com/r/GTE_STOCK/comments/tcx1yo/1_esg_compliance_2_location_3_debtassetincome/>#1 ESG compliance #2 Location #3 Debt/Asset/Income ratio #4 Experience in volatile region #5 Waterflooding Extraction #6 Safety Record</a>,3/13/22,GTE_STOCK,4
<a href=https://www.reddit.com/r/Speedsoft/comments/ttl7fc/do_i_need_a_igl_for_my_jack/>Do i need a igl for my jack?</a>,4/1/22,Speedsoft,8
<a href=https://www.reddit.com/r/SecurityAnalysis/comments/t9cqg6/esg_and_alpha_sales_or_substance/>ESG and Alpha: Sales or Substance?</a>,3/8/22,SecurityAnalysis,0
<a href=https://www.reddit.com/r/FIREUK/comments/tnp7jp/which_fund_exactly_people_mean_when_saying_global/>Which fund exactly people mean when saying global all cap?</a>,3/25/22,FIREUK,16
<a href=https://www.reddit.com/r/ElectricScooters/comments/ti2a1i/esg_review_of_the_new_apollo_city/>ESG review of the new Apollo City</a>,3/19/22,ElectricScooters,31
<a href=https://www.reddit.com/r/UKPersonalFinance/comments/tvfv1x/how_to_allocate_vanguard_funds_ss_isa/>How to Allocate Vanguard funds (S&amp;S ISA)</a>,4/3/22,UKPersonalFinance,13
<a href=https://www.reddit.com/r/Big4/comments/tkgjuv/predicting_my_chance_to_get_an_offer/>Predicting my chance to get an offer</a>,3/22/22,Big4,1
<a href=https://www.reddit.com/r/zoetermeer/comments/tenm9e/wij_hebben_u_nodig/>Wij hebben u nodig!</a>,3/15/22,zoetermeer,0
<a href=https://www.reddit.com/r/UKPersonalFinance/comments/t6fkzr/consolidate_vanguard_emerging_markets_and/>Consolidate vanguard Emerging Markets and Developed World All Cap ESG ETFs into Global All Cap ESG?</a>,3/4/22,UKPersonalFinance,15
<a href=https://www.reddit.com/r/CryptoCurrency/comments/tcfzt8/aleph_zero_new_layer_1_game_changer_breakdown/>Aleph Zero | New Layer 1 game changer? | Breakdown analysis | Long DD</a>,3/12/22,CryptoCurrency,7
<a href=https://www.reddit.com/r/Udemy/comments/tm2g4j/new_list_udemy_paid_courses_for_free_with/>New List Udemy Paid Courses For Free With Certificate for 24 March 2022</a>,3/24/22,Udemy,0
<a href=https://www.reddit.com/r/kucoin/comments/teh8sf/the_world_economic_forum_and_its_relevance_to_the/>The World Economic Forum and Its Relevance to the Crypto-World</a>,3/15/22,kucoin,5
"<a href=https://www.reddit.com/r/Republican/comments/tnta2i/esg_is_not_part_of_a_freemarket_economy_its_the/>ESG Is Not Part of a Free-Market Economy - Its the Result of Corruption, Cronyism, and Big Government</a>",3/25/22,Republican,1
<a href=https://www.reddit.com/r/udemyfreeebies/comments/ts44aa/best_courses_for_30_march_2022/>Best Courses for 30 March 2022</a>,3/30/22,udemyfreeebies,0
"<a href=https://www.reddit.com/r/Netlist_/comments/tem0hg/what_does_sk_hynix_see_as_cxls_impact_within_your/>What does SK hynix see as CXLs impact within your industry? CXL is a very important ingredient to realize true memory centric computing. The way emerging memory solutions are developed will change around the CXL ecosystem, including the interface, module, and the development process.</a>",3/15/22,Netlist_,0
"<a href=https://www.reddit.com/r/udemyfreeebies/comments/t793va/50_udemy_100_off_coupon_promo_code_deals_udemy/>50+ Udemy 100% Off Coupon, Promo Code Deals &amp; Udemy Discount Coupon | Hurry Dont Miss | Saturday, March 5, 2022</a>",3/5/22,udemyfreeebies,2
<a href=https://www.reddit.com/r/EsgInvesting/comments/tqchl3/esg_and_impact_investing_is_more_imporant_than/>ESG and Impact Investing is more imporant than ever after COVID 19 and the war in Ukraine....</a>,3/28/22,EsgInvesting,0
<a href=https://www.reddit.com/r/betterment/comments/t87sji/choosing_a_portfolio_strategy/>Choosing a Portfolio Strategy</a>,3/6/22,betterment,4
<a href=https://www.reddit.com/r/udemyfreeebies/comments/tpjpgo/get_coupon_code_new_45_list_courses_for_27_march/>[GET COUPON CODE] New 45 List Courses for 27 March 2022 | Hurry Dont Miss</a>,3/27/22,udemyfreeebies,0
<a href=https://www.reddit.com/r/investing/comments/t6ge70/we_need_to_upgrade_esg_standarts_to_avoid/>We need to upgrade ESG Standarts to avoid investments in countries with low democracy (Russia/ China)</a>,3/4/22,investing,9
<a href=https://www.reddit.com/r/Environmental_Careers/comments/tt7049/esg_analyst_roles/>ESG analyst roles</a>,3/31/22,Environmental_Careers,6
<a href=https://www.reddit.com/r/conservatives/comments/taiksg/the_esg_backlash/>The ESG Backlash</a>,3/9/22,conservatives,1
<a href=https://www.reddit.com/r/sustainableFinance/comments/tgbm20/join_morningstars_jackie_cook_on_321_4pm_et_to/>Join Morningstar's Jackie Cook on 3/21 @ 4PM ET to discuss Sustainalytics: Measuring and Rating the ESG Performance of Publicly Listed Companies. Open Registration and Discussion.</a>,3/17/22,sustainableFinance,0
<a href=https://www.reddit.com/r/FinancialCareers/comments/teni7c/salary_negotiation_for_esgsustainability/>Salary negotiation for ESG/Sustainability Associate in Private Equity</a>,3/15/22,FinancialCareers,1
<a href=https://www.reddit.com/r/CustomsBroker/comments/tqkq4h/does_a_mastersmba_help_in_trade_compliance/>Does a Masters/MBA help in Trade Compliance?</a>,3/28/22,CustomsBroker,11
<a href=https://www.reddit.com/r/CVUEF/comments/tq4y9q/clearvue_leading_the_charge_in_esg_in/>ClearVue leading the charge in ESG in construction | TMH | 28 March 2022</a>,3/28/22,CVUEF,0
"<a href=https://www.reddit.com/r/SanitySouthAfrica/comments/t9iolt/jse_seeks_climate_sustainable_bonds_as_esg/>JSE Seeks Climate, Sustainable Bonds as ESG Investment Jumps</a>",3/8/22,SanitySouthAfrica,5
<a href=https://www.reddit.com/r/republicans/comments/t6j3qg/states_fight_back_against_esg_social_credit_scores/>States Fight Back Against ESG Social Credit Scores</a>,3/4/22,republicans,1
<a href=https://www.reddit.com/r/udemyfreebies/comments/tscryd/best_45_courses_for_30_march_2022/>Best 45 Courses for 30 March 2022</a>,3/30/22,udemyfreebies,0
<a href=https://www.reddit.com/r/Bogleheads/comments/tnm4by/bogleheads_live_submit_s_for_larry_swedroe_on_esg/>Bogleheads Live: Submit ?s for Larry Swedroe on ESG Investing</a>,3/25/22,Bogleheads,5
<a href=https://www.reddit.com/r/u_SoggyHat7747/comments/t6ch9o/esg_considerations_and_investments/>ESG Considerations and Investments</a>,3/4/22,u_SoggyHat7747,0
"<a href=https://www.reddit.com/r/sustainableFinance/comments/tbuzx2/pensions_people_planet_saving_for_the_future_to/>Pensions, People, Planet: Saving for the future to save the future. The UK's Work and Pensions Secretary speech to the Pensions and Lifetime Savings Associations (PLSAs) ESG Conference 2022 on managing climate risk.</a>",3/11/22,sustainableFinance,0
<a href=https://www.reddit.com/r/udemyfreeebies/comments/tm2g2a/new_list_udemy_paid_courses_for_free_with/>New List Udemy Paid Courses For Free With Certificate | Hurry Dont Miss | 24 March 2022</a>,3/24/22,udemyfreeebies,0
<a href=https://www.reddit.com/r/AlanWatts/comments/teulfe/todays_snippet/>today's snippet...</a>,3/15/22,AlanWatts,0
<a href=https://www.reddit.com/r/Crypto_General/comments/ttzoeb/hedera_launches_an_emissions_tracking_project_as/>Hedera launches an emissions tracking project as part of HBAR's $100M ESG initiative</a>,4/1/22,Crypto_General,1
"<a href=https://www.reddit.com/r/StockMarketTLDR/comments/t9ld38/tue_mar_08_2022_tldr_this_is_the_top_investing/>[Tue, Mar 08 2022] TL;DR  This is the top investing content you missed in the last 24 hours on Reddit</a>",3/8/22,StockMarketTLDR,0
<a href=https://www.reddit.com/r/beleggen/comments/tadd43/simpel_wereldwijd_fondsetf_op_ibkr_of_alternatief/>Simpel wereldwijd fonds/ETF op IBKR of alternatief - AVIAW?Van Eck?Achmea?</a>,3/9/22,beleggen,4
<a href=https://www.reddit.com/r/EndlessSpace/comments/t7f6n4/why_should_i_use_esg_mod/>Why should I use ESG mod?</a>,3/5/22,EndlessSpace,8
"<a href=https://www.reddit.com/r/udemyfreeebies/comments/td5xdo/33_online_courses_worth_almost_4000_all_yours_for/>+ 33 online courses worth almost $4000 all yours for FREE - added Today Sunday, March 13, 2022</a>",3/13/22,udemyfreeebies,0
<a href=https://www.reddit.com/r/udemyfreebies/comments/trfp0a/best_new_list_courses_for_29_march_2022/>Best New List Courses for 29 March 2022</a>,3/29/22,udemyfreebies,0
<a href=https://www.reddit.com/r/u_VictoriaTelos/comments/tn6oml/telos_tuesday_on_a_wednesday_esg_with_tf_cmo_paul/>Telos Tuesday (on a Wednesday) | ESG with TF CMO Paul Walton!</a>,3/24/22,u_VictoriaTelos,0
<a href=https://www.reddit.com/r/mechmarket/comments/tu0pmh/service_donutcables_affordable_soldering_and/>[Service] DonutCables: Affordable soldering and other work</a>,4/1/22,mechmarket,1
<a href=https://www.reddit.com/r/investing/comments/tho8nf/canadian_oil_sands_buried_treasures/>Canadian Oil Sands: Buried Treasures</a>,3/19/22,investing,79
"<a href=https://www.reddit.com/r/mechmarket/comments/tn24xy/service_donut_cables_soldering_desoldering_rework/>[Service] Donut Cables: Soldering, Desoldering, Rework, Repair, Commissions</a>",3/24/22,mechmarket,6
<a href=https://www.reddit.com/r/IslamicFinance/comments/tkqeo7/city_set_for_dramatic_growth_of_funds_that/>City set for 'dramatic growth' of funds that combine ESG and Shariah as Islamic Finance underserves demand</a>,3/23/22,IslamicFinance,0
<a href=https://www.reddit.com/r/FireIT/comments/tr9uhv/migliori_banche_per_iniziare_ad_operare_con_etf/>Migliori banche per iniziare ad operare con etf?</a>,3/29/22,FireIT,11
<a href=https://www.reddit.com/r/udemyfreeebies/comments/tnwo3p/list_of_new_free_and_best_courses_hurry_dont_miss/>List of New FREE and Best Courses | Hurry Dont Miss</a>,3/25/22,udemyfreeebies,1
<a href=https://www.reddit.com/r/Beepbox/comments/tvafyd/my_first_time_finishing_a_song_in_jummbox/>My first time finishing a song in Jummbox</a>,4/3/22,Beepbox,0
<a href=https://www.reddit.com/r/PredatorOilandGasPRD/comments/tjb8m1/natural_resources_especially_oil_gas_webinar20/>Natural resources (especially Oil &amp; Gas ) webinar20 Mar 2022 [KeithOz]</a>,3/21/22,PredatorOilandGasPRD,0
<a href=https://www.reddit.com/r/overclocking/comments/tr6n8a/overclock_ram_ddr4_gskill_trident_z_royal_silver/>Overclock RAM DDR4 G.SKILL TRIDENT Z ROYAL SILVER 32GB 3200Mhz 2x16</a>,3/29/22,overclocking,30
<a href=https://www.reddit.com/r/PersonalFinanceNZ/comments/titovv/green_lemons_study_pours_acid_on_nz_fund_esg/>Green lemons: study pours acid on NZ fund ESG claims</a>,3/20/22,PersonalFinanceNZ,9
<a href=https://www.reddit.com/r/healthyrips/comments/tjbeda/its_not_you_its_me/>Its not you its me ?</a>,3/21/22,healthyrips,14
<a href=https://www.reddit.com/r/udemyfreeebies/comments/tgybmw/udemy_paid_courses_for_free_with_certificate/>Udemy Paid Courses For Free With Certificate | Hurry Dont Miss | 18 March 2022</a>,3/18/22,udemyfreeebies,1
<a href=https://www.reddit.com/r/GreenPartyOfCanada/comments/ts8o0t/shocking_esg_funds_piled_into_russian_oil_over/>'Shocking': ESG funds piled into Russian oil over Canadian energy - BNN Bloomberg</a>,3/30/22,GreenPartyOfCanada,4
<a href=https://www.reddit.com/r/ETFs/comments/t9fttr/ucits_or_non_ucits/>UCITS or non UCITS?</a>,3/8/22,ETFs,7
<a href=https://www.reddit.com/r/udemyfreebies/comments/tpjpin/new_list_courses_for_27_march_2022/>New List Courses for 27 March 2022</a>,3/27/22,udemyfreebies,0
<a href=https://www.reddit.com/r/finansije/comments/ts4y86/long_term_10_godina_portfolio/>Long term 10+ godina portfolio</a>,3/30/22,finansije,8
<a href=https://www.reddit.com/r/kpophelp/comments/t8fz7m/sexy_rnb_songs/>Sexy Rnb Songs</a>,3/7/22,kpophelp,12
"<a href=https://www.reddit.com/r/BiKingex/comments/tub695/bitmex_founder_arthur_hayes_eth_price_will_exceed/>BitMEX founder Arthur Hayes: ETH price will exceed $10,000</a>",4/2/22,BiKingex,0
<a href=https://www.reddit.com/r/AusFinance/comments/t701o0/seeking_advice_on_choosing_an_investment_fund_for/>Seeking advice on choosing an investment fund for young adults</a>,3/5/22,AusFinance,3
<a href=https://www.reddit.com/r/EsgInvesting/comments/tn4rv4/esg_investing_training/>ESG investing training</a>,3/24/22,EsgInvesting,5
<a href=https://www.reddit.com/r/Republican/comments/t8xg0m/mcpherrin_what_are_esg_scores/>McPherrin: What are ESG Scores?</a>,3/7/22,Republican,1
<a href=https://www.reddit.com/r/PredatorOilandGasPRD/comments/tjc8fg/grh_this_makes_michael_caine_look_weak_at_the/>GRH - THIS ...makes Michael Caine look weak at the knees 21-Mar-2022</a>,3/21/22,PredatorOilandGasPRD,0
"<a href=https://www.reddit.com/r/onguardforthee/comments/tn8qwi/ukraine_invasion_and_esg_drawing_canada_and_eu/>Ukraine invasion and ESG drawing Canada and EU closer together, say lawyers</a>",3/24/22,onguardforthee,1
<a href=https://www.reddit.com/r/Udemy/comments/ts445e/best_45_courses_for_30_march_2022/>Best 45 Courses for 30 March 2022</a>,3/30/22,Udemy,0
"<a href=https://www.reddit.com/r/FreeUdemyCoupons/comments/tg5zab/17032022_udemy_100_off_coupons_coupons_might/>17-032022 Udemy 100% Off Coupons, Coupons might expire anytime, so enroll as soon as possible to get the courses for FREE.</a>",3/17/22,FreeUdemyCoupons,0
"<a href=https://www.reddit.com/r/udemyfreeebies/comments/tonzsf/50_udemy_100_off_coupon_promo_code_deals_udemy/>50+ Udemy 100% Off Coupon, Promo Code Deals &amp; Udemy Discount Coupon | Hurry Dont Miss | Saturday, March 26, 2022</a>",3/26/22,udemyfreeebies,0
<a href=https://www.reddit.com/r/OutsideT14lawschools/comments/t8uaza/fordham_or_bc/>Fordham or BC?</a>,3/7/22,OutsideT14lawschools,3
"<a href=https://www.reddit.com/r/Udemy/comments/tg84rq/46_best_udemy_courses_thursday_march_17_2022/>46+ Best UDEMY Courses Thursday, March 17, 2022</a>",3/17/22,Udemy,0
<a href=https://www.reddit.com/r/SmallCap_MiningStocks/comments/tqyrkc/the_next_week_for_i3_energy_iteto_is_going_to_be/>The next week for I3 energy - ITE.TO is going to be interesting!</a>,3/29/22,SmallCap_MiningStocks,0
"<a href=https://www.reddit.com/r/Patriot911/comments/tfd2fw/when_emperors_preaching_esg_purport_to_represent/>When Emperors Preaching ESG Purport to Represent Millions of Us, a Lot Can Go Wrong</a>",3/16/22,Patriot911,1
<a href=https://www.reddit.com/r/Canadianstockpicks/comments/tgf1cb/broker_placement_will_raise_gross_proceeds_of_up/>Broker Placement will raise gross proceeds of up to $10M for Gold Shores Moss Lake project</a>,3/17/22,Canadianstockpicks,0
<a href=https://www.reddit.com/r/ItaliaPersonalFinance/comments/tqjdoh/proposta_investimento_intesa_san_paolo/>Proposta investimento Intesa San Paolo</a>,3/28/22,ItaliaPersonalFinance,35
<a href=https://www.reddit.com/r/Speedsoft/comments/tjioy0/what_tank_for_monk_esg_with_polarstar_mini_reg/>What tank for Monk ESG With Polarstar Mini Reg?</a>,3/21/22,Speedsoft,4
"<a href=https://www.reddit.com/r/mumbai/comments/th2k6u/so_i_dont_if_this_is_the_correct_place_to_comment/>So, I don't if this is the correct place to comment on this issue. But MVA govt may have engaged in a corruption/ scam worth 2800 Cr</a>",3/18/22,mumbai,112
"<a href=https://www.reddit.com/r/neoliberal/comments/tlcgm2/the_dallas_fed_surveyed_over_100_oil_and_gas/>The Dallas Fed surveyed over 100 oil and gas executives, and they gave one overwhelming reason why there hasn't been more domestic energy production. Hint, its not ESG or Biden.</a>",3/23/22,neoliberal,125
"<a href=https://www.reddit.com/r/hockey/comments/tsbqal/last_night_the_toronto_marlies_starting_and/>Last night, the Toronto Marlies' starting and back-up goalies were both emergency stand-ins...and they won 5-3 over Abbotsford.</a>",3/30/22,hockey,54
<a href=https://www.reddit.com/r/CanadianInvestor/comments/tjk1kl/shocking_esg_funds_piled_into_russian_oil_over/>'Shocking': ESG funds piled into Russian oil over Canadian energy - BNN Bloomberg</a>,3/21/22,CanadianInvestor,107
"<a href=https://www.reddit.com/r/KotakuInAction/comments/thgv2i/discussion_how_long_do_you_guys_think_the_current/>[Discussion] How long do you guys think the current prudishness &amp; also weird realistic ugliness coming from American Entertainment Media and by the looks of it, spreading to Japan &amp; maybe South Korea, will last?</a>",3/18/22,KotakuInAction,159
<a href=https://www.reddit.com/r/GoldandBlack/comments/t9t3lo/what_do_you_think_about_the_world_economic_forum/>What do you think about the World Economic Forum?</a>,3/8/22,GoldandBlack,102
"<a href=https://www.reddit.com/r/Destiny/comments/tcfapa/destiny_is_wrong_about_oil_prices_while_president/>Destiny is wrong about oil prices, while President Biden and that Politicsgirl are of course correct.</a>",3/12/22,Destiny,101
<a href=https://www.reddit.com/r/ValueInvesting/comments/trsjs3/picking_a_random_10k_to_read/>Picking a random 10-k to read</a>,3/29/22,ValueInvesting,38
<a href=https://www.reddit.com/r/conspiracy/comments/tkarhw/trump_is_another_nwo_pawn_controversial_opinion/>Trump is another NWO pawn (controversial opinion)</a>,3/22/22,conspiracy,65
<a href=https://www.reddit.com/r/CryptoCurrency/comments/tqcatz/bitcoin_pow_mining_energy_consumption/>Bitcoin (PoW) Mining Energy Consumption</a>,3/28/22,CryptoCurrency,130
"<a href=https://www.reddit.com/r/Wallstreetsilver/comments/tq42y0/the_imf_and_yellen_the_felon_referenced_a_new/>The IMF and Yellen the Felon referenced a New Bretton Woods moment. I had hoped that 9 months ago, everyone had sat down like adults and figured this thing out. It's pretty obvious that was a no. Their idea to fix everything is a global minimum corporate tax (a very bad idea) and ESG. F Everything.</a>",3/28/22,Wallstreetsilver,9
"<a href=https://www.reddit.com/r/Superstonk/comments/tohdjb/bcg_wef_blackrock_and_esg_environment_social/>BCG, WEF, Blackrock, and ESG (Environment, Social, Governance)</a>",3/26/22,Superstonk,4
<a href=https://www.reddit.com/r/CEI_stock/comments/tpa72o/camber_at_the_right_price_of_4_before_kerrisdale/>Camber at the right price of $4+ before Kerrisdale (light reading)</a>,3/27/22,CEI_stock,15
<a href=https://www.reddit.com/r/Wallstreetsilver/comments/tfk1ar/silver_industry_will_be_pressurized/>Silver Industry Will Be Pressurized.</a>,3/16/22,Wallstreetsilver,7
<a href=https://www.reddit.com/r/ASX_Bets/comments/t7lpwz/random_stonk_of_the_week_atlas_pearls_atp/>Random Stonk of the Week - Atlas Pearls (ATP)</a>,3/5/22,ASX_Bets,32
<a href=https://www.reddit.com/r/mauerstrassenwetten/comments/tse2dh/avav_oder_die_zukunft_des_tÃ¶tens/>AVAV oder die Zukunft des TÃ¶tens</a>,3/30/22,mauerstrassenwetten,43
<a href=https://www.reddit.com/r/Wallstreetsilver/comments/tvhl1q/janet_yellen_says_esg_is_not_responsible_for/>Janet Yellen says ESG is not responsible for higher gas prices. Hahahahahahahaha.</a>,4/3/22,Wallstreetsilver,7
<a href=https://www.reddit.com/r/Hedera/comments/tn74di/emissions_tracking_project_goes_live_on_hedera_as/>Emissions Tracking Project Goes Live on Hedera as HBAR Stands Up $100M ESG Push</a>,3/24/22,Hedera,15
<a href=https://www.reddit.com/r/Superstonk/comments/tefke5/could_rc_be_hinting_that_esgs_are_part_of_the/>Could RC be hinting that ESGs are part of the shorting madness? I found a couple links that may be of interest.</a>,3/15/22,Superstonk,7
"<a href=https://www.reddit.com/r/Wallstreetsilver/comments/tet7no/sorry_nickel_youre_no_silver/>Sorry Nickel, You're No Silver...</a>",3/15/22,Wallstreetsilver,14
<a href=https://www.reddit.com/r/ASX_Bets/comments/tctkdr/random_stonk_of_the_week_yowie_group_yow/>Random Stonk of the Week - Yowie Group (YOW)</a>,3/12/22,ASX_Bets,36
"<a href=https://www.reddit.com/r/atayls/comments/tkqqdm/was_getting_tired_of_all_these_bullshit_esg_funds/>Was getting tired of all these bullshit ESG funds with outrageous management fees so I built a ""negative ESG"" index to help destroy the planet. Outperforms the S&amp;P 500 ESG by ~25% since start of this year</a>",3/23/22,atayls,21
<a href=https://www.reddit.com/r/mauerstrassenwetten/comments/tlio06/swedish_match/>Swedish Match</a>,3/23/22,mauerstrassenwetten,35
<a href=https://www.reddit.com/r/Baystreetbets/comments/t9wfbk/earth_renew_erthcn_jumps_25_on_record_volume/>Earth Renew (ERTH.CN) jumps 25% on record volume - Agtech Fertilizer/Renewable Energy Commodity play</a>,3/9/22,Baystreetbets,22
"<a href=https://www.reddit.com/r/Conservative/comments/tnsop0/esg_is_not_part_of_a_freemarket_economy_its_the/>ESG Is Not Part of a Free-Market Economy - Its the Result of Corruption, Cronyism, and Big Government</a>",3/25/22,Conservative,5
<a href=https://www.reddit.com/r/bangalore/comments/tqtuun/most_people_voted_for_climate_action_plan_for/>Most people voted for climate action plan for Bengaluru. Here's the already proposed draft for it. Need help of under 25s to make it exciting.</a>,3/29/22,bangalore,15
<a href=https://www.reddit.com/r/worldnews/comments/ts96uj/shocking_esg_funds_piled_into_russian_oil_over/>'Shocking': ESG funds piled into Russian oil over Canadian energy</a>,3/30/22,worldnews,4
<a href=https://www.reddit.com/r/stupidpol/comments/tqn3c8/how_blackrock_made_esg_the_hottest_ticket_on_wall/>How BlackRock Made ESG the Hottest Ticket on Wall Street</a>,3/29/22,stupidpol,16
"<a href=https://www.reddit.com/r/SquaredCircle/comments/tp0qcn/the_emi_sakura_weekend_continues_chocopro_213_has/>The Emi Sakura Weekend continues! ChocoPro 213 <k has Shin Suzuki, Baliyan Akki, &amp; Choun Shiryu battling in a Three Way Match, while Team AEW (Emi Sakura &amp; Ryo Mizunami) takes on Team ChocoPro (Obihiro &amp; Hagane Shinno) in the Main Event! Live &amp; Free on YouTube at 9 pm EDT!</a>",3/26/22,SquaredCircle,1
<a href=https://www.reddit.com/r/respectthreads/comments/tt3h7t/respect_itachi_uchiha_naruto/>Respect Itachi Uchiha! (Naruto)</a>,3/31/22,respectthreads,4
<a href=https://www.reddit.com/r/KotakuInAction/comments/tvm2fw/how_aware_on_average_are_the_japanese_when_it/>How aware on average are the Japanese when it comes to censorship occurring due to various Entertainment Media companies having Western relations/branches?</a>,4/3/22,KotakuInAction,9
<a href=https://www.reddit.com/r/Superstonk/comments/tulml3/ryan_cohen_not_the_only_billionaire_complaining/>Ryan Cohen not the only billionaire complaining about overpriced consultants (BCG) engaged in ESG greenwashing grift (All-In Podcast)</a>,4/2/22,Superstonk,5
<a href=https://www.reddit.com/r/Wallstreetsilver/comments/tgkoov/why_are_woke_ceos_using_esg_to_destroy_our_free/>Why are woke CEOs using ESG to Destroy our Free Market?</a>,3/17/22,Wallstreetsilver,0
"<a href=https://www.reddit.com/r/GoldandBlack/comments/tsmkan/trudeau_and_canadas_digital_outlaws_the_esg/>Trudeau and Canada's Digital Outlaws, The ESG Deluge, Huntington Revisited in Ukraine, Russia's Powerless Oligarchs, When Texas Celebrated Big Boy Season</a>",3/30/22,GoldandBlack,6
<a href=https://www.reddit.com/r/ASX_Bets/comments/tbz7xj/cobalt_blue_holdings_cob/>Cobalt blue holdings (COB)</a>,3/11/22,ASX_Bets,19
<a href=https://www.reddit.com/r/Hedera/comments/t7zg35/hedera_use_case_023_toko_by_dla_piper/>Hedera Use Case #023 - TOKO by DLA Piper</a>,3/6/22,Hedera,2
<a href=https://www.reddit.com/r/AusFinance/comments/tj5kvc/whats_your_biggest_problem_with_finance/>What's your biggest problem with finance?</a>,3/21/22,AusFinance,105
<a href=https://www.reddit.com/r/canada/comments/tjkfh0/shocking_esg_funds_piled_into_russian_oil_over/>'Shocking': ESG funds piled into Russian oil over Canadian energy - BNN Bloomberg</a>,3/21/22,canada,27
<a href=https://www.reddit.com/r/Wallstreetsilver/comments/tc0exh/adam_curry_the_great_reset_and_esg_will_lead_us/>Adam Curry; The Great Reset and ESG will lead us to Demise.</a>,3/11/22,Wallstreetsilver,0
"<a href=https://www.reddit.com/r/shittymoviedetails/comments/tuns7z/in_bridgerton_netflix_assembled_a_diverse_esg/>In Bridgerton, Netflix assembled a diverse ESG compliant cast to reimage British imperialist elites for the TikTok instagram generation so that Indian people like me may feel better if we imagine people who look like us stole 150 trillion dollars from us and assuages feelings</a>",4/2/22,shittymoviedetails,2
<a href=https://www.reddit.com/r/TELOS/comments/t8g04x/3_killer_features_of_telos_that_makes_it_ahead_of/>3 Killer Features of Telos that Makes it Ahead of Competitors</a>,3/7/22,TELOS,6
<a href=https://www.reddit.com/r/wallstreetfools/comments/tf6i42/cei_and_vkin_have_built_diversified_green/>CEI and VKIN Have Built Diversified Green Portfolio Positioned for Future Energy Market</a>,3/16/22,wallstreetfools,16
"<a href=https://www.reddit.com/r/SquaredCircle/comments/tur6ru/chocopro_216_is_the_emi_sakura_farewell_chocolate/>ChocoPro 216 <k is the Emi Sakura Farewell Chocolate Rumble! This delayed entry battle royal will feature the Queen herself, Masa Takanashi, Obihiro, Baliyan Akki, Otoki, Chris Brookes, Antonio Honda, and more! One last bit of chaos before she returns to AEW, tonight at 9 pm EDT!</a>",4/2/22,SquaredCircle,1
<a href=https://www.reddit.com/r/sofistock/comments/tfwk3a/sofi_launches_esg_committee_and_announces_plans/>SoFi Launches ESG Committee and Announces Plans for Inaugural Report</a>,3/16/22,sofistock,21
<a href=https://www.reddit.com/r/Finanzen/comments/tbn2xp/kleine_analyse_vanguard_ftse_all_world_vs_esg/>Kleine Analyse Vanguard FTSE All World vs ESG Global All Cap: Wieviel fehlt wem?</a>,3/11/22,Finanzen,21
"<a href=https://www.reddit.com/r/TELOS/comments/tn10fh/bitcoin_and_other_cryptocurrencies_are_incredibly/>Bitcoin and Other Cryptocurrencies Are Incredibly Popular, But At What Cost? -- Let's Talk ESG</a>",3/24/22,TELOS,1
<a href=https://www.reddit.com/r/HeckOffCommie/comments/tryiga/many_states_are_beginning_to_ban_esg_scores_the/>Many states are beginning to ban ESG scores (the thing that financially incentivizes companies to go woke)</a>,3/30/22,HeckOffCommie,6
<a href=https://www.reddit.com/r/TELOS/comments/ta41xk/telos_is_the_esg_blockchain/>Telos is The ESG Blockchain</a>,3/9/22,TELOS,6
<a href=https://www.reddit.com/r/Hedera/comments/tnegpg/meeco_integrates_zkproof_did_wallet_and_token/>Meeco integrates Zk-proof DID wallet and token tooling on Hedera for ESG markets Â» CryptoNinjas</a>,3/25/22,Hedera,1
<a href=https://www.reddit.com/r/TELOS/comments/t8br9x/telos_evm_the_future_of_blockchain/>Telos EVM - The Future of Blockchain</a>,3/6/22,TELOS,11
<a href=https://www.reddit.com/r/HPQSiliconInvestors/comments/tajsfv/interview_out_hpq_silicon_issued_patent_for_tech/>Interview out: HPQ Silicon Issued Patent For Tech Allowing 1-Step Transformation Of Quartz Into High Purity Silicon</a>,3/9/22,HPQSiliconInvestors,2
<a href=https://www.reddit.com/r/CENN/comments/tfjhul/heres_one_take_on_how_to_explain_cenntros/>Here's one take on how to explain Cenntro's business model.</a>,3/16/22,CENN,11
<a href=https://www.reddit.com/r/FIREUK/comments/tcdnzw/weekly_fireuk_blog_posts/>Weekly FIREUK Blog posts</a>,3/12/22,FIREUK,1
<a href=https://www.reddit.com/r/EndlessSpace/comments/tcrnhk/esg_15_question/>ESG 1.5 Question</a>,3/12/22,EndlessSpace,3
"<a href=https://www.reddit.com/r/pmp/comments/thy7k7/passed_yesterday_atx3_another_testimonial_for/>Passed yesterday, ATx3 - another testimonial for this Reddit, and a few prep/exam thoughts</a>",3/19/22,pmp,10
<a href=https://www.reddit.com/r/greeninvestor/comments/tezx3k/ideas_to_improve_our_sustainable_investing/>Ideas to improve our sustainable investing research website for visitors</a>,3/15/22,greeninvestor,6
<a href=https://www.reddit.com/r/Bitcoin/comments/toopg0/it_is_a_revolutionary_act_to_buy_bitcoin_and_hold/>It is a revolutionary act to buy Bitcoin and hold your own keys.</a>,3/26/22,Bitcoin,3
<a href=https://www.reddit.com/r/acorns/comments/ts8fvr/just_started_my_acorns_journey_any_tips/>Just started my acorns journey! Any tips?</a>,3/30/22,acorns,27
"<a href=https://www.reddit.com/r/Juve/comments/toi8fi/rassegna_stampa_26_march_2022_summary_of_juventus/>[Rassegna Stampa] 26 March 2022 - Summary of Juventus news from Italy, translated</a>",3/26/22,Juve,0
"<a href=https://www.reddit.com/r/stocks/comments/tnw3yz/licycle_business_hemorrhaging_cash_and_has/>Li-Cycle - Business hemorrhaging cash"" and has ""questionable"" accounting</a>",3/25/22,stocks,6
<a href=https://www.reddit.com/r/greeninvestor/comments/t9t7j0/focusing_on_esg_ratings_a_more_active_due/>Focusing on ESG ratings: A more active due diligence role for sustainable investors</a>,3/8/22,greeninvestor,1
<a href=https://www.reddit.com/r/SGExams/comments/tu0kyg/uni_nus_infrastructure_project_management_who_is/>[UNI] NUS Infrastructure &amp; Project Management. Who is this for? Thoughts from a PFM grad</a>,4/1/22,SGExams,7
<a href=https://www.reddit.com/r/greeninvestor/comments/tautso/bloomberg_esg_funds_held_at_least_83_billion_in/>Bloomberg: #ESG funds held at least $8.3 billion in Russian assets right before Russia launched a war on Ukraine. https://www.msn.com/en-us/money/markets/esg-funds-had-dollar83-billion-in-russia-assets-right-before-war/ar-AAUMz3f</a>,3/10/22,greeninvestor,1
<a href=https://www.reddit.com/r/CLNE/comments/tarkxx/apg_expands_demo_truck_program_for_class_8_heavy/>APG Expands Demo Truck Program For Class 8 Heavy Haul Vehicles</a>,3/10/22,CLNE,2
<a href=https://www.reddit.com/r/harmony_one/comments/ti7f2o/biweekly_update_approved_grants_on_harmony_1_of_2/>BiWeekly Update: Approved Grants on Harmony (1 of 2)</a>,3/19/22,harmony_one,3
<a href=https://www.reddit.com/r/Environmental_Careers/comments/tmva5x/corporate_esgsustainability_certificate_programs/>Corporate ESG/Sustainability Certificate Programs</a>,3/24/22,Environmental_Careers,7
<a href=https://www.reddit.com/r/EndlessSpace/comments/ttnctj/does_esg_mod_still_improve_ai_even_if_you_toggle/>Does ESG mod still improve AI even if you toggle off the gameplay changes?</a>,4/1/22,EndlessSpace,2
<a href=https://www.reddit.com/r/Baystreetbets/comments/tqyo3a/the_next_week_for_i3energy_iteto_is_going_to_be/>The next week for I3energy - ITE.TO is going to be interesting!</a>,3/29/22,Baystreetbets,12
"<a href=https://www.reddit.com/r/brkb/comments/tdztmd/morningstar_raises_brka_fv_to_525000/>Morningstar raises BRKA F/V to $525,000</a>",3/14/22,brkb,2
<a href=https://www.reddit.com/r/Superstonk/comments/tjtxqk/disclosetv_on_twitter_sec_falling_in_line_with/>Disclose.tv on Twitter - SEC falling in line with ESG goals. Naked shorts - who cares.</a>,3/22/22,Superstonk,3
"<a href=https://www.reddit.com/r/stardomjoshi/comments/tur3k4/chocopro_216_is_the_emi_sakura_farewell_chocolate/>ChocoPro 216 <k is the Emi Sakura Farewell Chocolate Rumble! This delayed entry battle royal will feature the Queen herself, Masa Takanashi, Obihiro, Baliyan Akki, Otoki, Chris Brookes, Antonio Honda, and more! One last bit of chaos before she returns to AEW, tonight at 9 pm EDT!</a>",4/2/22,stardomjoshi,2
<a href=https://www.reddit.com/r/PSTH/comments/td45z9/ackmans_pershing_square_is_back_at_canadian/>Ackmans Pershing Square is back at Canadian Pacific. This is what could be ahead for the railroad</a>,3/13/22,PSTH,4
"<a href=https://www.reddit.com/r/TELOS/comments/tm3tm8/telos_the_esg_compliant_blockchain_to_know_more/>Telos, The ESG Compliant Blockchain To know more, check the first comment...</a>",3/24/22,TELOS,4
<a href=https://www.reddit.com/r/Nokia_stock/comments/tqvube/nokia_and_chunghwa_telecom_enhance_5g_partnership/>Nokia and Chunghwa Telecom enhance 5G partnership with energy-efficient network upgrade</a>,3/29/22,Nokia_stock,0
"<a href=https://www.reddit.com/r/stardomjoshi/comments/tp0nch/the_emi_sakura_weekend_continues_chocopro_213_has/>The Emi Sakura Weekend continues! ChocoPro 213 <k has Shin Suzuki, Baliyan Akki, &amp; Choun Shiryu battling in a Three Way Match, while Team AEW (Emi Sakura &amp; Ryo Mizunami) takes on Team ChocoPro (Obihiro &amp; Hagane Shinno) in the Main Event! Live &amp; Free on YouTube at 9 pm EDT!</a>",3/26/22,stardomjoshi,2
<a href=https://www.reddit.com/r/CoinMarketCap/comments/tcw8kv/why_is_bitcoin_becoming_a_pollutioncreating_mess/>Why is Bitcoin becoming a Pollution-Creating Mess over the years?</a>,3/13/22,CoinMarketCap,21
<a href=https://www.reddit.com/r/Conservative/comments/t6pdp4/are_financial_institutions_using_esg_social/>Are Financial Institutions Using ESG Social Credit Scores to Coerce Individuals and Small Businesses?</a>,3/4/22,Conservative,3
"<a href=https://www.reddit.com/r/SocialJusticeInAction/comments/t8vyok/esg_environmental_social_and_governance_may_be_an/>ESG (Environmental, Social, and Governance) May Be an Antitrust Violation</a>",3/7/22,SocialJusticeInAction,0
<a href=https://www.reddit.com/r/Bogleheads/comments/tqinl4/presenting_to_colleagues_about_retirement/>Presenting to colleagues about retirement planning in 2 weeks - what should I cover?</a>,3/28/22,Bogleheads,9
<a href=https://www.reddit.com/r/FinancialCareers/comments/tjq53v/esg_finance_roles/>ESG Finance Roles</a>,3/22/22,FinancialCareers,6
"<a href=https://www.reddit.com/r/pennystocks/comments/ta04yp/earth_renew_erthcn_otcqb_vvivf_jumps_25_on_record/>Earth Renew (ERTH.CN, OTCQB: VVIVF) jumps 25% on record volume - Agtech Fertilizer/Renewable Energy Commodity play</a>",3/9/22,pennystocks,4
<a href=https://www.reddit.com/r/sustainableFinance/comments/td3x56/the_war_in_ukraine_has_highlighted_that_impact/>the war in Ukraine has highlighted that impact investing is more important than ever. Evaluating a company by ESG criteria alone is not sufficient...investors and financiers now have to look at ESG of a country as well as ESG of a company or organisation.</a>,3/13/22,sustainableFinance,0
<a href=https://www.reddit.com/r/Conservative/comments/teqguw/esg_standards_are_predicated_on_cronyism/>ESG Standards Are Predicated on Cronyism</a>,3/15/22,Conservative,2
"<a href=https://www.reddit.com/r/5ireChain/comments/tq9ue6/5irechain_assist_esg_investment_decisions_and/>5ireChain Assist ESG Investment Decisions and Promote Accelerate Climate Transition =Â€ Research Paper by Prateek Dwivedi, Pratik Gauri, Vilma Mattila! Read the Complete Article Here! 5</a>",3/28/22,5ireChain,2
<a href=https://www.reddit.com/r/financije/comments/tbqa6h/par_pitanja/>Par pitanja :)</a>,3/11/22,financije,9
<a href=https://www.reddit.com/r/FREECoursesEveryday/comments/t6vtod/list_of_free_and_best_selling_discounted_courses/>List of FREE and Best Selling Discounted Courses</a>,3/4/22,FREECoursesEveryday,0
<a href=https://www.reddit.com/r/CoinMarketCap/comments/ttp1tt/energy_consumption_in_blockchain/>ENERGY CONSUMPTION IN BLOCKCHAIN <@</a>,4/1/22,CoinMarketCap,4
<a href=https://www.reddit.com/r/Canadapennystocks/comments/t9wj5q/earth_renew_erthcn_jumps_25_on_record_volume/>Earth Renew (ERTH.CN) jumps 25% on record volume - Agtech Fertilizer/Renewable Energy Commodity play</a>,3/9/22,Canadapennystocks,5
<a href=https://www.reddit.com/r/SGExams/comments/tdqvzr/scholarships_comparing_bonded_scholarships/>[Scholarships] Comparing Bonded Scholarships</a>,3/14/22,SGExams,4
<a href=https://www.reddit.com/r/TELOS/comments/tkua3f/telos_foundation_cmo_answers_your_questions/>Telos Foundation CMO answers YOUR questions!</a>,3/23/22,TELOS,2
<a href=https://www.reddit.com/r/TELOS/comments/tlaupn/telos_tuesday_on_a_wednesday_esg_with_tf_cmo_paul/>Telos Tuesday (on a Wednesday) | ESG with TF CMO Paul Walton!</a>,3/23/22,TELOS,0
<a href=https://www.reddit.com/r/Bogleheads/comments/tbdp3c/450k_inheritance_passive_vs_active_management_37m/>450k inheritance - Passive vs Active management? 37M</a>,3/11/22,Bogleheads,35
<a href=https://www.reddit.com/r/CanadaPolitics/comments/tjkfpv/shocking_esg_funds_piled_into_russian_oil_over/>'Shocking': ESG funds piled into Russian oil over Canadian energy - BNN Bloomberg</a>,3/21/22,CanadaPolitics,2
<a href=https://www.reddit.com/r/EsgInvesting/comments/tautku/bloomberg_esg_funds_held_at_least_83_billion_in/>Bloomberg: #ESG funds held at least $8.3 billion in Russian assets right before Russia launched a war on Ukraine. https://www.msn.com/en-us/money/markets/esg-funds-had-dollar83-billion-in-russia-assets-right-before-war/ar-AAUMz3f</a>,3/10/22,EsgInvesting,11
<a href=https://www.reddit.com/r/private_equity/comments/tkhcvq/limited_partners_and_private_equity_firms_embrace/>Limited Partners and Private Equity Firms Embrace ESG| Bain Report</a>,3/23/22,private_equity,1
<a href=https://www.reddit.com/r/sustainableFinance/comments/tfjw2g/esg_requirements_in_employment/>ESG Requirements in Employment</a>,3/16/22,sustainableFinance,5
<a href=https://www.reddit.com/r/EndlessSpace/comments/tb00b6/my_playthrough_with_the_united_empire_and_the/>My playthrough with the United Empire and the Better AI Empires mod</a>,3/10/22,EndlessSpace,3
<a href=https://www.reddit.com/r/screw/comments/tkhaj4/anybody_know_the_name_of_this_beat_esg_is/>Anybody know the name of this beat ESG is freestyling on? Sounds like an old school funk song</a>,3/23/22,screw,3
<a href=https://www.reddit.com/r/brasilivre/comments/tulv9z/vou_explicar_a_jogada_pra_vcs/>Vou explicar a jogada pra vcs</a>,4/2/22,brasilivre,2
<a href=https://www.reddit.com/r/climatedisalarm/comments/tdhv9p/elon_musk_rails_against_woke_trend_to_make/>Elon Musk Rails Against Woke Trend to Make Corporate America More 'Socially Conscious' Saying ESG Rules Have Been 'Twisted to Insanity' and Should Be 'Deleted if Not Fixed'</a>,3/13/22,climatedisalarm,1